provider,review_id,rating,title,text,likes,filtered,pending,experienced_date,published_date,source_url
metlife,695c49f0169e0c238e7b6d6a,4,Quality program at a fair price!,Quality program at a fair price!,0,False,False,2026-01-05T00:00:00.000Z,2026-01-06T01:32:00.000Z,https://www.trustpilot.com/review/metlifepetinsurance.com?page=1
metlife,695c43928cf548a3b2d88152,1,I wanted to ask about what services…,I wanted to ask about what services were covered but chat doesn’t work AND was on hold for over an hour. I sure hope it improves now that you took my money,0,False,False,2026-01-05T00:00:00.000Z,2026-01-06T01:04:50.000Z,https://www.trustpilot.com/review/metlifepetinsurance.com?page=1
metlife,695c3f5f41d87960bb994ea6,5,Easy,Easy. Does not connect well for payment.,0,False,False,2026-01-05T00:00:00.000Z,2026-01-06T00:46:55.000Z,https://www.trustpilot.com/review/metlifepetinsurance.com?page=1
metlife,695c377f16a1767540c364cc,5,easy to use,"easy to use, get paid quickly, covers so much ",0,False,False,2026-01-02T00:00:00.000Z,2026-01-06T00:13:19.000Z,https://www.trustpilot.com/review/metlifepetinsurance.com?page=1
metlife,695c30d10e0b5f16ed790396,4,You know that reasonable rate they gave when you signed up?,"Enjoy that year. I originally signed up with MetLife thru work. They allowed me to fully insure both my cats for $59/month. Since that day a few years ago, they've effectively quadrupled their rates. Now I'm paying $120 / month for ONE cat, since they kept denying payments to the other cat for supposed ""pre-existing conditions"". 

I will say when they're not busy quadrupling their rates and asking for SOAP notes, they do actually pay out most claims. ",0,False,False,2025-12-23T00:00:00.000Z,2026-01-05T23:44:49.000Z,https://www.trustpilot.com/review/metlifepetinsurance.com?page=1
metlife,695c2f91eff4d485d5e42ae9,5,So far,"So far, all is easy.",0,False,False,2026-01-05T00:00:00.000Z,2026-01-05T23:39:29.000Z,https://www.trustpilot.com/review/metlifepetinsurance.com?page=1
metlife,695c2e0c4722f738a5e470bb,5,"Very easy to file claim,","Very easy to file claim,
Quick response.
",0,False,False,2026-01-05T00:00:00.000Z,2026-01-05T23:33:00.000Z,https://www.trustpilot.com/review/metlifepetinsurance.com?page=1
metlife,695c2c400155e032541f3275,5,The claim process has significantly…,"The claim process has significantly improved, becoming more seamless with reduced wait times for processing, ensuring a smoother experience for me.",0,False,False,2025-12-23T00:00:00.000Z,2026-01-05T23:25:20.000Z,https://www.trustpilot.com/review/metlifepetinsurance.com?page=1
metlife,695c29bb8c0e1a9faf303f0b,5,Easy,Easy. Affordable ,0,False,False,2026-01-05T00:00:00.000Z,2026-01-05T23:14:35.000Z,https://www.trustpilot.com/review/metlifepetinsurance.com?page=1
metlife,695c1984380c4e941875a6fc,5,Easy and simple,Easy and simple. The website was straightforward and I could easily find what I was signing up for. ,0,False,False,2026-01-05T00:00:00.000Z,2026-01-05T22:05:24.000Z,https://www.trustpilot.com/review/metlifepetinsurance.com?page=1
metlife,695c0f1a75e28d225af55484,5,Positive Experience for over 3 years!,MetLife Pet Insurance has been a welcome addition in keeping my pet healthy and happy. It has been fair and efficient in gathering information and paying out any reimbursements owed.,0,False,False,2025-12-23T00:00:00.000Z,2026-01-05T21:20:58.000Z,https://www.trustpilot.com/review/metlifepetinsurance.com?page=1
metlife,695c09f4ccd5c6d29a185ba1,5,Easy application,Easy application ,0,False,False,2026-01-05T00:00:00.000Z,2026-01-05T20:59:00.000Z,https://www.trustpilot.com/review/metlifepetinsurance.com?page=1
metlife,695c03d7dd747ed14b70ba33,2,Basically I had to upload the same…,"Basically I had to upload the same documents on every claim.  

The documents uploaded were not centrally saved for reference and were not properly reviewed

It was a frustrating experience.",0,False,False,2025-12-29T00:00:00.000Z,2026-01-05T20:32:55.000Z,https://www.trustpilot.com/review/metlifepetinsurance.com?page=1
metlife,695c00c7527f1b9d52efd026,5,Goodd options at descent price,Goodd options at descent price,0,False,False,2026-01-05T00:00:00.000Z,2026-01-05T20:19:51.000Z,https://www.trustpilot.com/review/metlifepetinsurance.com?page=1
metlife,695bfb2fe237cf3c28182b1c,5,When you need help!,"If there is any problems , you can talk to a live person!!! That is so important to me !",0,False,False,2025-12-26T00:00:00.000Z,2026-01-05T19:55:59.000Z,https://www.trustpilot.com/review/metlifepetinsurance.com?page=1
metlife,695be87b86c1ce8d0eb4fc21,5,My last two claims were handled quickly.,My last two claims were handled quickly.  ,0,False,False,2025-12-26T00:00:00.000Z,2026-01-05T18:36:11.000Z,https://www.trustpilot.com/review/metlifepetinsurance.com?page=1
metlife,695be6b0a552bea272881236,5,very simple to use and register,very simple to use and register,0,False,False,2026-01-05T00:00:00.000Z,2026-01-05T18:28:32.000Z,https://www.trustpilot.com/review/metlifepetinsurance.com?page=1
metlife,695be2e93f3b2124762fba08,5,claim process,easy claim process,0,False,False,2025-12-26T00:00:00.000Z,2026-01-05T18:12:25.000Z,https://www.trustpilot.com/review/metlifepetinsurance.com?page=1
metlife,695bdfb70ba1f7506abdb592,5,MetLife has been great to work with,"MetLife has been great to work with. Great app, good communication and helpful.",0,False,False,2026-01-01T00:00:00.000Z,2026-01-05T17:58:47.000Z,https://www.trustpilot.com/review/metlifepetinsurance.com?page=1
metlife,695bd693fa2ee19b71abff09,4,Claims submitted are handled quickly,"Claims submitted are handled quickly. Had an issue with a missed bill once and when repported it was handled immediately. 
One issue I have is the rate has gone up into the second year. Waiting to see what happens next renewal time",0,False,False,2025-12-24T00:00:00.000Z,2026-01-05T17:19:47.000Z,https://www.trustpilot.com/review/metlifepetinsurance.com?page=1
metlife,695bcf4483edc5758f605ef2,5,Great Pet Insurance,"Honestly, when going to deal with an insurance company, you expect to have a crap time. But I'd be lying if I said I wasn't surprised and pleased each time I've had to call them. They've definitely been the most helpful customer service team I've had to deal with, and always help me get exactly what I need when setting up my policies. They also give me all of the options up front and adjust if I decide to change my mind mid-setup. Honestly, have been super pleased with them and will keep using them to keep our fur babies extra cared for.",0,False,False,2025-10-15T00:00:00.000Z,2026-01-05T16:48:36.000Z,https://www.trustpilot.com/review/metlifepetinsurance.com?page=2
metlife,695bce7d9d068fe3dc68e220,5,It is easy to file a claim on line and…,It is easy to file a claim on line and the pay out is speedy,0,False,False,2026-01-01T00:00:00.000Z,2026-01-05T16:45:17.000Z,https://www.trustpilot.com/review/metlifepetinsurance.com?page=2
metlife,695bbbc20d4de76031ba2f02,5,Honeyvery easy to complete,very easy to complete,0,False,False,2026-01-05T00:00:00.000Z,2026-01-05T15:25:22.000Z,https://www.trustpilot.com/review/metlifepetinsurance.com?page=2
metlife,695bb2bc34cb415f87f979a7,5,Web site is great but wish this was…,Web site is great but wish this was paid via employee payroll deduction instead of a credit card,0,False,False,2026-01-05T00:00:00.000Z,2026-01-05T14:46:52.000Z,https://www.trustpilot.com/review/metlifepetinsurance.com?page=2
metlife,695bb1e1644ca40d45a288a1,5,It is easy and quick to file a claim,"It is easy and quick to file a claim, have it processed and paid.",0,False,False,2025-12-24T00:00:00.000Z,2026-01-05T14:43:13.000Z,https://www.trustpilot.com/review/metlifepetinsurance.com?page=2
metlife,695b529d52224d7c8cab1127,5,Fair and equitable,I have found the reimbursement process for claims to be smooth and completed in a reasonable amount of time. I am very pleased to be able to claim for the veterinarian prescribed dog food my pet requires. ,0,False,False,2026-01-01T00:00:00.000Z,2026-01-05T07:56:45.000Z,https://www.trustpilot.com/review/metlifepetinsurance.com?page=2
metlife,695b49b6222ed1081c481f80,5,Wow. ,Easy to use. Low premiums and good insurance. I feel safe.,0,False,False,2026-01-05T00:00:00.000Z,2026-01-05T07:18:46.000Z,https://www.trustpilot.com/review/metlifepetinsurance.com?page=2
metlife,695b479f5c8e49f2ef4b9072,5,Everyone is very helpful and nice when…,Everyone is very helpful and nice when I call. ,0,False,False,2025-12-30T00:00:00.000Z,2026-01-05T07:09:51.000Z,https://www.trustpilot.com/review/metlifepetinsurance.com?page=2
metlife,695b31e0f55d1df4e1699cc5,5,I love this company,"I love this company. 

It's easy to upload the documents for ""New Claim"". I get a confirmation email very quickly and in a matter of days (2-3) when they are reviewing and processing my case.

After that I get another email, which informs me, how do I get my portion back including with the $ amount. I had 3 options to choose from. I got my $ back in like matter of seconds. I could not believe it - I was very happy!!!

Only thing is: I had 7 days to click on the link to receive the payment. The first time (previously) I forgot to do that > I had to call the Company (MetLife Pet) and I got my $ in the mail as a check. The employee was super nice and very helpful / understanding. She explained to me how their process works.",0,False,False,2025-12-23T00:00:00.000Z,2026-01-05T05:37:04.000Z,https://www.trustpilot.com/review/metlifepetinsurance.com?page=2
metlife,695b122d02c4a64220895b9a,5,Quick claims response,Quick claims response. Easy to submit claims and pay for premiums. ,0,False,False,2025-12-24T00:00:00.000Z,2026-01-05T03:21:49.000Z,https://www.trustpilot.com/review/metlifepetinsurance.com?page=2
metlife,695af129fc8e2632d8b998ce,5,Quick claim reciew,Always quick reviews of claim and payment. Plenty of email notifications about the statement and payment of the claim. Only issue with s not notifying when you haven’t submitted enough information to process a claim. ,0,False,False,2026-01-01T00:00:00.000Z,2026-01-05T01:00:57.000Z,https://www.trustpilot.com/review/metlifepetinsurance.com?page=2
metlife,695acc1112c76a7184453db1,5,Quick response and resolution,"Filed my claim via email, late on the 28th and had an eob and a quickly deposited check within 3 days. This claim is for an ongoing medical condition for my dog so I'm always pleased with the quick turnaround. Thank you MetLife.",0,False,False,2026-01-01T00:00:00.000Z,2026-01-04T22:22:41.000Z,https://www.trustpilot.com/review/metlifepetinsurance.com?page=2
metlife,695ac866088ce04c67443725,5,Easy to do and decide,Easy to do and decide,0,False,False,2026-01-04T00:00:00.000Z,2026-01-04T22:07:02.000Z,https://www.trustpilot.com/review/metlifepetinsurance.com?page=2
metlife,695ac3c170d0d7d41d1140a0,5,Really easy to join,Really easy to join ,0,False,False,2026-01-04T00:00:00.000Z,2026-01-04T21:47:13.000Z,https://www.trustpilot.com/review/metlifepetinsurance.com?page=2
metlife,695ab1eca535647b06d29326,5,quick and easy,quick and easy ,0,False,False,2026-01-04T00:00:00.000Z,2026-01-04T20:31:08.000Z,https://www.trustpilot.com/review/metlifepetinsurance.com?page=2
metlife,695aacd867cbb300df9ef52a,5,You have been great,You have been great! Thanks !,0,False,False,2025-12-24T00:00:00.000Z,2026-01-04T20:09:29.000Z,https://www.trustpilot.com/review/metlifepetinsurance.com?page=2
metlife,695aaa8211e53826c86885c3,5,Easy interaction,Easy to submit my pup's claim and received reimbursement promptly.  Pleased with my interaction. ,0,False,False,2026-01-01T00:00:00.000Z,2026-01-04T19:59:30.000Z,https://www.trustpilot.com/review/metlifepetinsurance.com?page=2
metlife,695aa7c560654e519d955ad9,3,The prices are somewhat reasonable,"The prices are somewhat reasonable for the age of my dog, however items they used to cover they stopped covering.",0,False,False,2025-12-15T00:00:00.000Z,2026-01-04T19:47:49.000Z,https://www.trustpilot.com/review/metlifepetinsurance.com?page=2
metlife,695aa587cabe4ba6ac75b5fc,5,Very easy to enroll,Fast enrollment process with easy prompts,0,False,False,2026-01-04T00:00:00.000Z,2026-01-04T19:38:15.000Z,https://www.trustpilot.com/review/metlifepetinsurance.com?page=2
metlife,695a9f99715ddb1d30d28190,5,You done me right with Fasa,You done me right with Fasa,0,False,False,2026-01-04T00:00:00.000Z,2026-01-04T19:12:57.000Z,https://www.trustpilot.com/review/metlifepetinsurance.com?page=3
metlife,695a9c159e0b30f2b15754ac,5,Help for my tri-pawd!,"I was really worried when my tri-pawd starting having some issues with his leg after 5 years of stability.  I didn't think insurance would help him, but MetLife has been wonderful to work with so far.  They are helping us be able to give him the Physical Therapy he needed to get stable again-Thank you!",0,False,False,2025-12-09T00:00:00.000Z,2026-01-04T18:57:57.000Z,https://www.trustpilot.com/review/metlifepetinsurance.com?page=3
metlife,695a8c9bb5a0c034ac9174e7,5,Having 2 dogs,"Having 2 dogs, pet insurance is a Must and MetLife has been terrific!! Submitting claims is a breeze and the reimbursement check is automatically deposited in my checking account anywhere from 3-14 days, depending on the type of claim.
I highly recommend ",0,False,False,2026-01-01T00:00:00.000Z,2026-01-04T17:51:55.000Z,https://www.trustpilot.com/review/metlifepetinsurance.com?page=3
metlife,695a8a059475b27e87810ec1,5,The claims are very easy to file,"The claims are very easy to file, the reimbursement just gets deposited in your account pretty quickly. I no longer fear the huge vet bill that follows after my dog gets sick, it's one less stress about being a pet owner.",0,False,False,2025-12-24T00:00:00.000Z,2026-01-04T17:40:53.000Z,https://www.trustpilot.com/review/metlifepetinsurance.com?page=3
metlife,695a87184d45d1e8cce4ed8b,3,MetLife uses AI to begin the claims review,"Apparently, the company uses AI to review the claims and my cats diabetic blood tests for ketones keep getting rejected. The AI flags them as a preventive heartworm test. I have to call the company every time I submit so that it can be corrected. They do correct and have put flags in the record, but it makes it a lengthy and inefficient process and a poor use of my time. It’s very frustrating.",0,False,False,2026-01-01T00:00:00.000Z,2026-01-04T17:28:24.000Z,https://www.trustpilot.com/review/metlifepetinsurance.com?page=3
metlife,695a816a42a6ab9a08b1058a,4,Easy to file claims,App makes it easy to file and track claims.,0,False,False,2025-12-24T00:00:00.000Z,2026-01-04T17:04:10.000Z,https://www.trustpilot.com/review/metlifepetinsurance.com?page=3
metlife,695a7754e66b033956af89a0,5,Great help I trying to nagavate my new…,"Great help I trying to nagavate my new claim. Was having trouble up loading it
",0,False,False,2025-12-24T00:00:00.000Z,2026-01-04T16:21:08.000Z,https://www.trustpilot.com/review/metlifepetinsurance.com?page=3
metlife,695a67cf950c2a4c98ca1e5f,5,"Make decisions based on health, not cost","Helpful customer service. Helps me feel empowered to make decisions for my pets based on their health, not the cost. Very helpful for taking care of my kitty who we learned needs to eat a specialty food moving forward - MetLife works with my vet to cover a lot of the cost. ",0,False,False,2025-12-24T00:00:00.000Z,2026-01-04T15:14:55.000Z,https://www.trustpilot.com/review/metlifepetinsurance.com?page=3
metlife,695a1810bde12710c5eb155d,5,Quick Claim Return,"MetLife pet insurance is the pet insurance everyone should have, whether it’s routine check ups/procedures or an emergency, MetLife will be there. Nothing but good things to say. I’ve had a policy with them for about two years now and the turn around for your reimbursement is super quick. ",0,False,False,2026-01-01T00:00:00.000Z,2026-01-04T09:34:40.000Z,https://www.trustpilot.com/review/metlifepetinsurance.com?page=3
metlife,695a08483bb0cdca9c0276c8,5,Highly recommend MetLife Pet!!!,"We absolutely love MetLife Pet Insurance! I believe the premium is competitive with comparable policies with other carriers. Their claims process is super easy and reimbursements are quick to be paid out! Making changes (adding/removing pets) to our policies has been a breeze. Their customer service is always great as well. I’ve only had to reach out a couple of times, but each CSR was always very friendly, personable, and very helpful. We always recommend MetLife Pet Insurance to friends and family who have pets!",0,False,False,2025-12-31T00:00:00.000Z,2026-01-04T08:27:21.000Z,https://www.trustpilot.com/review/metlifepetinsurance.com?page=3
metlife,695a0562b7406f6a39510238,4,"Good insurance, expensive premiums","I'm happy with everything except the huge increases in premium costs that started after my dog had 2 surgeries. Not sure if the increases relate to that or to her age, but the insurance is now very very expensive.",0,False,False,2026-01-01T00:00:00.000Z,2026-01-04T08:14:58.000Z,https://www.trustpilot.com/review/metlifepetinsurance.com?page=3
metlife,695a04a99fdd872a5143998c,5,Quick and easy processing of claim,Quick and easy processing of claim,0,False,False,2026-01-01T00:00:00.000Z,2026-01-04T08:11:53.000Z,https://www.trustpilot.com/review/metlifepetinsurance.com?page=3
metlife,6959f348527b5e3fbfd72c8c,5,Claims are easy to submit,"Submitting claims for my cat's care is easy. I am thankful I selected MetLife pet insurance, recommended by my local shelter when I adopted her as a kitten. She was a stray, and unknown to me or the shelter, was ill at adoption. Thanks to MetLife Pet, I was able to provide her the care she deserved without worry.",0,False,False,2025-12-09T00:00:00.000Z,2026-01-04T06:57:44.000Z,https://www.trustpilot.com/review/metlifepetinsurance.com?page=3
metlife,6959f2f671161fd366b840a1,5,Quick reimbursement of claim,Quick reimbursement of claim ,0,False,False,2026-01-01T00:00:00.000Z,2026-01-04T06:56:22.000Z,https://www.trustpilot.com/review/metlifepetinsurance.com?page=3
metlife,6959ed29fed033e8e66cbc31,5,Simplicity at its finest,"Simplicity at its finest. Now I have piece of mind that my pets are taken care of, just as well as my human children!",0,False,False,2026-01-02T00:00:00.000Z,2026-01-04T06:31:37.000Z,https://www.trustpilot.com/review/metlifepetinsurance.com?page=3
metlife,6959e8a1b8648cb0e74d8beb,5,Great and reliable!,Submitting a claim and receiving reimbursement has always been very easy and reliable. Having Metlife always ensures my pet can have the best care whenever needed.,0,False,False,2026-01-01T00:00:00.000Z,2026-01-04T06:12:17.000Z,https://www.trustpilot.com/review/metlifepetinsurance.com?page=3
metlife,6959e5505bac9575a8fa62eb,4,Easy to submit ,"Easy to up load time to reimburse is slow.
Not clear direction on what you need to pay out.",0,False,False,2026-01-01T00:00:00.000Z,2026-01-04T05:58:08.000Z,https://www.trustpilot.com/review/metlifepetinsurance.com?page=3
metlife,6959e2c8c18269299f22ad58,5,Outstanding coverage,Outstanding coverage. We were paying way more for less coverage with other plans.,0,False,False,2026-01-03T00:00:00.000Z,2026-01-04T05:47:20.000Z,https://www.trustpilot.com/review/metlifepetinsurance.com?page=3
metlife,6959dc4f190aaddadc994780,5,Effiency,I am a new policyholder and am very pleased with the efficiency of my two claims being processed.,0,False,False,2026-01-01T00:00:00.000Z,2026-01-04T05:19:43.000Z,https://www.trustpilot.com/review/metlifepetinsurance.com?page=3
metlife,6959d58dac8db12e2dfeba3d,5,Great app and Pet Ins filed my claims…Grest pet insurance ,Great app and Pet Ins filed my claims for my dog C and within 2 dss as us Met life responded Thankyou Met life ,0,False,False,2026-01-01T00:00:00.000Z,2026-01-04T04:50:53.000Z,https://www.trustpilot.com/review/metlifepetinsurance.com?page=3
metlife,6959d2d995009781444fccac,5,One of the best customer service departments I deal with.,"I couldn't figure out how to find certain information on the web site and the representative helped me.  Then he also helped me to find out if I had already submitted certain medications as a claim.  I had not.  Personable, professional, knowledgeable, and caring persons at MetLife make this one of the better customer service departments I deal with.",0,False,False,2026-01-01T00:00:00.000Z,2026-01-04T04:39:21.000Z,https://www.trustpilot.com/review/metlifepetinsurance.com?page=4
metlife,6959d257dbeec1ec8feb6e34,4,The process is easy,"The process is easy, the payment takes a little long but, that’s my only complaint.",0,False,False,2026-01-01T00:00:00.000Z,2026-01-04T04:37:11.000Z,https://www.trustpilot.com/review/metlifepetinsurance.com?page=4
metlife,6959d246f9eaf200971252ac,5,Metlife has made it easy...,Metlife has made it easy to submit claims and they reimburse quickly.,0,False,False,2026-01-01T00:00:00.000Z,2026-01-04T04:36:54.000Z,https://www.trustpilot.com/review/metlifepetinsurance.com?page=4
metlife,6959cf434bc737c140367acf,5,Best Pet Insurance we have ever had,"Best Pet Insurance we have ever had! They are quick to review and if there’s a problem with a claim, they listen and consider. Highly recommend!",0,False,False,2026-01-01T00:00:00.000Z,2026-01-04T04:24:03.000Z,https://www.trustpilot.com/review/metlifepetinsurance.com?page=4
metlife,6959ced96aa29ba25503185d,5,Straightforward process and good…,Straightforward process and good communication throughout. ,0,False,False,2026-01-01T00:00:00.000Z,2026-01-04T04:22:17.000Z,https://www.trustpilot.com/review/metlifepetinsurance.com?page=4
metlife,6959ce7eae2f2f07773cde2f,5,I have had many dogs,"I have had many dogs, most had medical problems!! And I did not have insurance!! And it cost me a fortune!! Haha this time we decided this was a better way!! It was easy and I was paid quickly!! Amazing !! Thank you MetLife Pet Insurance!!",0,False,False,2026-01-01T00:00:00.000Z,2026-01-04T04:20:46.000Z,https://www.trustpilot.com/review/metlifepetinsurance.com?page=4
metlife,6959c9d7041756da25f51efc,5,Very reliable,Very reliable,0,False,False,2026-01-01T00:00:00.000Z,2026-01-04T04:00:55.000Z,https://www.trustpilot.com/review/metlifepetinsurance.com?page=4
metlife,6959be414517e90404fb5e88,5,Get this as a puppy,Get this as a puppy. Worth every cent,0,False,False,2026-01-01T00:00:00.000Z,2026-01-04T03:11:29.000Z,https://www.trustpilot.com/review/metlifepetinsurance.com?page=4
metlife,6959b9f7bbc1d83bdfe2ea92,4,Everything was easy the application,Everything was easy the application,0,False,False,2026-01-03T00:00:00.000Z,2026-01-04T02:53:11.000Z,https://www.trustpilot.com/review/metlifepetinsurance.com?page=4
metlife,6959b5224d01c5fa49aef67c,5,Quick response,Quick response ,0,False,False,2025-12-24T00:00:00.000Z,2026-01-04T02:32:34.000Z,https://www.trustpilot.com/review/metlifepetinsurance.com?page=4
metlife,6959a54b63b8669452d02211,4,Solid Service,My employer has a benefit of discounted MetLife for pet insurance. It has been quite helpful for times when we had little savings for large vet expenses. There are little hiccups here and there with coverage but for the most part it has been a very smooth process!,0,False,False,2025-12-24T00:00:00.000Z,2026-01-04T01:24:59.000Z,https://www.trustpilot.com/review/metlifepetinsurance.com?page=4
metlife,6959a3584ad3dd5525845dbb,5,Very good experience,Very good experience. Smooth and quick results. Very pleasurable. ,0,False,False,2025-12-24T00:00:00.000Z,2026-01-04T01:16:40.000Z,https://www.trustpilot.com/review/metlifepetinsurance.com?page=4
metlife,6959a22bbc68055f73190c3c,5,Quick turnaround times on claims and…,Quick turnaround times on claims and payment. ,0,False,False,2025-12-24T00:00:00.000Z,2026-01-04T01:11:39.000Z,https://www.trustpilot.com/review/metlifepetinsurance.com?page=4
metlife,69599e571f72956c66a2ff61,5,efficient and honest,efficient and honest,0,False,False,2025-12-24T00:00:00.000Z,2026-01-04T00:55:19.000Z,https://www.trustpilot.com/review/metlifepetinsurance.com?page=4
metlife,69599b69cc177263077b5784,4,Great,"Great!  Took a little long for the first clean, but other than that really great",0,False,False,2025-12-24T00:00:00.000Z,2026-01-04T00:42:49.000Z,https://www.trustpilot.com/review/metlifepetinsurance.com?page=4
metlife,69598cf6fa0d93df68f0d373,5,Fast and efficient.,Fast and efficient.,0,False,False,2025-12-24T00:00:00.000Z,2026-01-03T23:41:10.000Z,https://www.trustpilot.com/review/metlifepetinsurance.com?page=4
metlife,695986b1ce7c65017f0bebf2,5,Good communication,Good communication ,0,False,False,2025-12-24T00:00:00.000Z,2026-01-03T23:14:25.000Z,https://www.trustpilot.com/review/metlifepetinsurance.com?page=4
metlife,695985f39c4caeac73f784d6,5,Extremely helpful,Extremely helpful ,0,False,False,2025-12-24T00:00:00.000Z,2026-01-03T23:11:15.000Z,https://www.trustpilot.com/review/metlifepetinsurance.com?page=4
metlife,695982dadf6e433884c25253,5,Excellent pet insurance ,Easy to get reimbursement and very fast as well. ,0,False,False,2025-12-24T00:00:00.000Z,2026-01-03T22:58:02.000Z,https://www.trustpilot.com/review/metlifepetinsurance.com?page=4
metlife,69597d3f5bd48712f8da9ab1,5,I like the fact that they email me with…,I like the fact that they email me with updates,0,False,False,2025-12-24T00:00:00.000Z,2026-01-03T22:34:07.000Z,https://www.trustpilot.com/review/metlifepetinsurance.com?page=4
metlife,69597ced72072766c40dd6ad,5,Best thing we ever did to get pet…,Best thing we ever did to get pet insurance on all 3 dogs.  MetLife has a great customer service and the representative is always there to help with any questions or claims.,0,False,False,2025-12-23T00:00:00.000Z,2026-01-03T22:32:45.000Z,https://www.trustpilot.com/review/metlifepetinsurance.com?page=5
metlife,6959730040356a10bec1d3dc,4,Much of my experience has been great,Much of my experience has been great. Remember preexisting conditions are not covered unfortunately. Overall good experience. ,0,False,False,2025-12-24T00:00:00.000Z,2026-01-03T21:50:24.000Z,https://www.trustpilot.com/review/metlifepetinsurance.com?page=5
metlife,69596b3f12cba6958c814c5c,5,great pet insurance,great pet insurance.  had zero issues with all my claims.  ,0,False,False,2025-12-24T00:00:00.000Z,2026-01-03T21:17:19.000Z,https://www.trustpilot.com/review/metlifepetinsurance.com?page=5
metlife,6959675ada595bf09e78e35d,5,My claims were processed quickly and…,My claims were processed quickly and payments made within days of paperwork submitted ,0,False,False,2025-12-24T00:00:00.000Z,2026-01-03T21:00:42.000Z,https://www.trustpilot.com/review/metlifepetinsurance.com?page=5
metlife,695965ff4009da3e7a32d19e,5,I have the $250 deductible per year,"I have the $250 deductible per year, 100% coverage after that. Max coverage per year is $7,000 per year. 
Metlife is amazing, the have cover 2 TPLO leg surgeries in 2 years for my dog (~$12,000) and they pay for a ton of other stuff. I LOVE Metlife Pet Insurance!! Thank you!",0,False,False,2025-12-24T00:00:00.000Z,2026-01-03T20:54:55.000Z,https://www.trustpilot.com/review/metlifepetinsurance.com?page=5
metlife,695965f693bb8ccbc826c306,4,I am very pleased with how quickly…,"I am very pleased with how quickly MetLife reimbursed my claims, and all of the automated communication so I aka gas knew the status. My only complaint is the file size limit made it difficult to upload the many pages of medical documentation from our vet - please make allowable file sizes bigger. Thank you! ",0,False,False,2025-12-24T00:00:00.000Z,2026-01-03T20:54:46.000Z,https://www.trustpilot.com/review/metlifepetinsurance.com?page=5
metlife,695955522ab8dc919c5f9948,5,Dog Insurance,Easy to get all my dogs pet insurance on one plan.,0,False,False,2026-01-03T00:00:00.000Z,2026-01-03T19:43:46.000Z,https://www.trustpilot.com/review/metlifepetinsurance.com?page=5
metlife,69594758f1c3e975b2975bc7,5,It was very easy this time to submit,It was very easy this time to submit ,0,False,False,2025-12-30T00:00:00.000Z,2026-01-03T18:44:08.000Z,https://www.trustpilot.com/review/metlifepetinsurance.com?page=5
metlife,695942170a95ca42badb269b,3,It’s not very easy to maneuver through the website for me,"
I like that MetLife has a dog insurance. It’s hard to maneuver through the website for me. I wish the deductible was not so high, especially when I have two dogs.",0,False,False,2026-01-03T00:00:00.000Z,2026-01-03T18:21:43.000Z,https://www.trustpilot.com/review/metlifepetinsurance.com?page=5
metlife,69591582681dbb896483c309,5,Wish the refund was a little quicker…,Wish the refund was a little quicker but they do a great job in communicating.,0,False,False,2025-12-24T00:00:00.000Z,2026-01-03T15:11:30.000Z,https://www.trustpilot.com/review/metlifepetinsurance.com?page=5
metlife,69591137bbe66a6ee3bddb7e,5,Quick Turnaround ,Service at MetLife has improved dramatically. Processing time is now down to less than a week.,0,False,False,2025-12-24T00:00:00.000Z,2026-01-03T14:53:11.000Z,https://www.trustpilot.com/review/metlifepetinsurance.com?page=5
metlife,69590f806b2e506d74468bb8,4,Premiums gone crazy,I don't know why my premiums are going up bt about 1/4 starting in January. Perhaps I should look elsewhere?,0,False,False,2025-12-24T00:00:00.000Z,2026-01-03T14:45:52.000Z,https://www.trustpilot.com/review/metlifepetinsurance.com?page=5
metlife,69590dd4c09379c7cac2c02a,5,There is always a prompt response,There is always a prompt response to my claims. Clear explanation of payment and always available to answer any eI have. ,0,False,False,2025-12-24T00:00:00.000Z,2026-01-03T14:38:44.000Z,https://www.trustpilot.com/review/metlifepetinsurance.com?page=5
metlife,695904e9fb8cf74d6a7b2f41,5,MetLife pet insurance has been great,MetLife pet insurance has been great! We have a 9 month old puppy and they have definitely saved us from some expensive emergency and routine bills. ,0,False,False,2025-12-24T00:00:00.000Z,2026-01-03T14:00:41.000Z,https://www.trustpilot.com/review/metlifepetinsurance.com?page=5
metlife,6958e2e09506b6d7a57c6bb5,5,customer friendly flow,customer friendly flow,0,False,False,2026-01-03T00:00:00.000Z,2026-01-03T11:35:28.000Z,https://www.trustpilot.com/review/metlifepetinsurance.com?page=5
metlife,6958a76a19f55ac7231380cb,5,Quick reimbursement time.,Quick reimbursement time.,0,False,False,2025-12-30T00:00:00.000Z,2026-01-03T07:21:46.000Z,https://www.trustpilot.com/review/metlifepetinsurance.com?page=5
metlife,69588ef6d91d2353ce5c0523,5,Quick communication and ease,"Ease of use, navigation of website and quick response to claims. I also appreciate the consistent updates.",0,False,False,2025-12-30T00:00:00.000Z,2026-01-03T05:37:26.000Z,https://www.trustpilot.com/review/metlifepetinsurance.com?page=5
metlife,69588aafa3f97a461c13140b,5,Knowledgeable and helpful ,Very caring and helpful ,0,False,False,2025-12-30T00:00:00.000Z,2026-01-03T05:19:11.000Z,https://www.trustpilot.com/review/metlifepetinsurance.com?page=5
metlife,695884cc185d38119c9610fc,1,Poor user interface both on website and…,"Poor user interface both on website and on app. Payout methods didn't work, had to wait for physical checks to arrive. Insurance wasn't there for me when i needed it the most.",0,False,False,2025-12-03T00:00:00.000Z,2026-01-03T04:54:04.000Z,https://www.trustpilot.com/review/metlifepetinsurance.com?page=5
metlife,69587bd88080dce7fe37ff60,4,"After an explanation,,,When I first submitted Sta's diagnosis…","When I first submitted Sta's diagnosis it was rejected
because she had a rash in 2021 due to fleas. She was diagnosed with Cushing's in late 2025. She had a horrible rash but it had nothing to do with fleas. Once I talked to someone on the phone, he understood the difference. Then Met life weighed in in Star's favor.
",0,False,False,2025-12-24T00:00:00.000Z,2026-01-03T04:15:52.000Z,https://www.trustpilot.com/review/metlifepetinsurance.com?page=5
metlife,6958763db446009b72705c95,3,They raise my rates a lot every year,They raise my rates a lot every year. It seems like if I use it at all one year they raise it enough to cover the cost of following year. It’s bullshit.,0,False,False,2025-12-24T00:00:00.000Z,2026-01-03T03:51:57.000Z,https://www.trustpilot.com/review/metlifepetinsurance.com?page=6
metlife,69586d3e8e475a0a946482f5,5,Fast process of claims and always great…,Fast process of claims and always great customer service ,0,False,False,2025-12-24T00:00:00.000Z,2026-01-03T03:13:34.000Z,https://www.trustpilot.com/review/metlifepetinsurance.com?page=6
metlife,69586c554146883daa99743b,4,"Overall, pretty darn good",The only reason I didn't give a 5 is because a couple reimbursements seemed to take awhile.,0,False,False,2025-12-30T00:00:00.000Z,2026-01-03T03:09:41.000Z,https://www.trustpilot.com/review/metlifepetinsurance.com?page=6
metlife,69586a4d1c12fe8fa43e6435,5,Very easy to understand and use., Very easy to understand and use.,0,False,False,2026-01-02T00:00:00.000Z,2026-01-03T03:01:01.000Z,https://www.trustpilot.com/review/metlifepetinsurance.com?page=6
metlife,695868306ba478915dc42a68,5,Very easy to email and receive payment,Very easy to email and receive payment. I am very impressed.,0,False,False,2025-12-30T00:00:00.000Z,2026-01-03T02:52:00.000Z,https://www.trustpilot.com/review/metlifepetinsurance.com?page=6
metlife,69586071d82b0c318cd573c0,5,Well Done!,"Well,  you made a contract with me and you are fulfilling it. 
What more can I ask?

I do things by mail so it takes longer, but your checks come.  Thank you.
",0,False,False,2025-12-30T00:00:00.000Z,2026-01-03T02:18:57.000Z,https://www.trustpilot.com/review/metlifepetinsurance.com?page=6
metlife,69585e1bc51752bb8227d317,5,Highly Recommend MetLife ,"I couldn’t be more satisfied with MetLife pet insurance.  The communication was fast, easy, and effective.  I would recommend MetLife pet insurance to anyone who would like to benefit having security for all your pets needs.  ",0,False,False,2025-12-16T00:00:00.000Z,2026-01-03T02:08:59.000Z,https://www.trustpilot.com/review/metlifepetinsurance.com?page=6
metlife,69584cc96cc0bb4d85d16f16,4,I ran into problems trying to log in to…,I ran into problems trying to log in to my account but once I spoke with customer support everything went smoothly.  ,0,False,False,2025-12-30T00:00:00.000Z,2026-01-03T00:55:05.000Z,https://www.trustpilot.com/review/metlifepetinsurance.com?page=6
metlife,69584c49503f2b33c5d18573,5,Thank You,Appreciate MetLife!,0,False,False,2026-01-02T00:00:00.000Z,2026-01-03T00:52:57.000Z,https://www.trustpilot.com/review/metlifepetinsurance.com?page=6
metlife,69584b0be08dfae1493916f4,5,it was very easy to apply and im happy…,it was very easy to apply and im happy with the turn out.,0,False,False,2026-01-02T00:00:00.000Z,2026-01-03T00:47:39.000Z,https://www.trustpilot.com/review/metlifepetinsurance.com?page=6
metlife,695849334ba7d7280e119c36,5,Claim processing was quick,Claim processing was quick. I received email updates along the way. ,0,False,False,2025-12-30T00:00:00.000Z,2026-01-03T00:39:47.000Z,https://www.trustpilot.com/review/metlifepetinsurance.com?page=6
metlife,6958471342ab9c43ec71c419,5,Very easy to file a claim with MetLife…,Very easy to file a claim with MetLife pet insurance .,0,False,False,2025-12-30T00:00:00.000Z,2026-01-03T00:30:43.000Z,https://www.trustpilot.com/review/metlifepetinsurance.com?page=6
metlife,695842945d2d97cb9dd90ddd,5,Met Life Prompt,Met Life does a thorough and quick review of my claims with promo payment.,0,False,False,2025-12-30T00:00:00.000Z,2026-01-03T00:11:32.000Z,https://www.trustpilot.com/review/metlifepetinsurance.com?page=6
metlife,6958337658a22da0f676d352,4,Generally easy to submit claim.,"
Generally easy to submit claim. ",0,False,False,2025-12-30T00:00:00.000Z,2026-01-02T23:07:02.000Z,https://www.trustpilot.com/review/metlifepetinsurance.com?page=6
metlife,695830bda6eae8b5f78d9332,5,Good Review,Quick and easy,0,False,False,2026-01-02T00:00:00.000Z,2026-01-02T22:55:25.000Z,https://www.trustpilot.com/review/metlifepetinsurance.com?page=6
metlife,69582a748d753aa14adaa477,5,It was easy to process my claim.,It was easy to process my claim.,0,False,False,2025-12-23T00:00:00.000Z,2026-01-02T22:28:36.000Z,https://www.trustpilot.com/review/metlifepetinsurance.com?page=6
metlife,69582772ee1335aa38978292,5,First thing your firm does is deny…,First thing your firm does is deny claims,0,False,False,2025-12-30T00:00:00.000Z,2026-01-02T22:15:46.000Z,https://www.trustpilot.com/review/metlifepetinsurance.com?page=6
metlife,695823d44ba13c68a63be42f,5,easy to navigate,easy to navigate,0,False,False,2026-01-02T00:00:00.000Z,2026-01-02T22:00:20.000Z,https://www.trustpilot.com/review/metlifepetinsurance.com?page=6
metlife,695822a59486dafe9c01895a,5,Once deductible is met there's no…,Once deductible is met there's no hassle. ,0,False,False,2025-12-29T00:00:00.000Z,2026-01-02T21:55:17.000Z,https://www.trustpilot.com/review/metlifepetinsurance.com?page=6
metlife,69581cb639f20db2f4f1b271,5,Such an easy experience signing my…,Such an easy experience signing my kittens up for pet insurance!!! ,0,False,False,2026-01-02T00:00:00.000Z,2026-01-02T21:29:58.000Z,https://www.trustpilot.com/review/metlifepetinsurance.com?page=6
metlife,69580d0ff7e6c70f6be6cf01,5,Fast Service,Fast and Easy process,0,False,False,2026-01-02T00:00:00.000Z,2026-01-02T20:23:11.000Z,https://www.trustpilot.com/review/metlifepetinsurance.com?page=7
metlife,69580484cc74a2a43f4b71b7,5,Customer Service is incredibile ,"Great peace of mind knowing our Little Charlie is in great hands.  

They make the process so easy.

Thank you !",0,False,False,2025-12-24T00:00:00.000Z,2026-01-02T19:46:44.000Z,https://www.trustpilot.com/review/metlifepetinsurance.com?page=7
metlife,6957efd4077b81a2098e5c3d,5,So grateful that I took a leap and changed…,"I used to have another Pet Insurance for our fur-daughter for years. So, I confess that I was little nervous when I’ve decided to change and enroll her with Metlife Pet. But now, almost a year later, I am so glad I did! The Metlife Pet team have been always super helpful, claim processing has been easy and super straight forward. Have nothing bad to say about it, just the opposite. MetlifePet: Thanks for being there for us and for helping us to support our Dog Health! We are grateful to have you guys as part of our team! ",0,False,False,2025-12-23T00:00:00.000Z,2026-01-02T18:18:28.000Z,https://www.trustpilot.com/review/metlifepetinsurance.com?page=7
metlife,6957ef8c4eff2352f1c1d350,1,over changing - no communication ,"I am submitting this complaint regarding improper billing and failure to resolve an overpayment issue with MetLife Pet Insurance.

MetLife Pet Insurance overcharged and withheld funds totaling $540.24, plus an additional $87.63, despite my policy premiums being paid through automatic payroll deductions. My pet insurance payments are deducted directly from my paycheck, and I submitted proof of these deductions after MetLife incorrectly claimed they had not received a payment since September 24, 2025.

That statement is inaccurate. I can see the deductions on my paystubs and the payments posted in the MetLife app. At no point did MetLife notify me of a missing payment, which reflects a failure to communicate a billing issue in a timely manner.

I first contacted MetLife about this issue on December 4 and was told it would be resolved within 3 to 5 business days. More than a month has passed with no resolution or meaningful follow-up. On December 5, MetLife withdrew an additional $540.24 even though the policy had already been paid through payroll deductions. MetLife also scheduled further prorated withdrawals of over $500 and another charge of over $300 for January 1, which should never have occurred.

I canceled my policy solely to prevent additional unauthorized withdrawals. MetLife later claimed that canceling the policy made it harder to resolve the issue, despite having my payment documentation.

I made repeated attempts to resolve this matter by phone and email and requested to speak with a manager or supervisor but was not provided access. I spoke with multiple representatives, including individuals named John, Amanda, and Monica, none of whom were able to resolve the issue. Follow-up communications consisted of repetitive questions rather than addressing the documented overpayment.

I am requesting a full refund of all overcharged amounts and correction of MetLife’s billing records. This experience has caused me to lose confidence in MetLife Pet Insurance’s billing and customer resolution practices.",0,False,False,2025-12-07T00:00:00.000Z,2026-01-02T18:17:16.000Z,https://www.trustpilot.com/review/metlifepetinsurance.com?page=7
metlife,6957ee848d512628bb23bc4e,4,Easy set up and decent rates.,Easy set up and decent rates.,0,False,False,2026-01-02T00:00:00.000Z,2026-01-02T18:12:52.000Z,https://www.trustpilot.com/review/metlifepetinsurance.com?page=7
metlife,6957ee0ba196d703284e7773,4,It was quick and easy to file a claim…,It was quick and easy to file a claim and the had a fast turn around with processing the claim.,0,False,False,2025-12-23T00:00:00.000Z,2026-01-02T18:10:51.000Z,https://www.trustpilot.com/review/metlifepetinsurance.com?page=7
metlife,6957eccd2cb6b0f8da080c28,5,Timely response to claim.,Timely response to claim. ,0,False,False,2025-12-29T00:00:00.000Z,2026-01-02T18:05:33.000Z,https://www.trustpilot.com/review/metlifepetinsurance.com?page=7
metlife,6957ecc1bc1346b8f3ea3f8a,5,Great experience,Very efficient process for filing a claim and the turnaround time was quick. ,0,False,False,2025-12-23T00:00:00.000Z,2026-01-02T18:05:21.000Z,https://www.trustpilot.com/review/metlifepetinsurance.com?page=7
metlife,6957ec7976977675eee94aa7,5,My claims are always processed quickly…,My claims are always processed quickly and if I need to speak to someone they always resolve any questions.,0,False,False,2025-12-11T00:00:00.000Z,2026-01-02T18:04:09.000Z,https://www.trustpilot.com/review/metlifepetinsurance.com?page=7
metlife,6957eb4d9df9d24a9472b5d8,5,At this point my experience was very…,At this point my experience was very easy to enroll and seems to cover alot for a low price so I guess we will see in the end if they hold up to what they say is covered.,0,False,False,2026-01-02T00:00:00.000Z,2026-01-02T17:59:09.000Z,https://www.trustpilot.com/review/metlifepetinsurance.com?page=7
metlife,6957eb3f6ab0d8b68f38d8ef,5,Amazing service,Quick and easy process to submit the claim and processed time was completed within 2 days. ,0,False,False,2025-12-23T00:00:00.000Z,2026-01-02T17:58:55.000Z,https://www.trustpilot.com/review/metlifepetinsurance.com?page=7
metlife,6957dc3a5961fa1062883e27,5,They are outstanding,They are outstanding ,0,False,False,2025-12-23T00:00:00.000Z,2026-01-02T16:54:50.000Z,https://www.trustpilot.com/review/metlifepetinsurance.com?page=7
metlife,6957d712993db9a35daae75e,5,Best plan in the game ,I tell everyone to get MetLife pet insurance. The process is super easy to get reimbursed and they have never denied a claim. I love how I have coverage for both preventative and emergency care! I also love that both pets are covered under the same plan. The best plan I have ever heard of ,0,False,False,2025-12-23T00:00:00.000Z,2026-01-02T16:32:50.000Z,https://www.trustpilot.com/review/metlifepetinsurance.com?page=7
metlife,6957d50985f1ba2fe4923273,5,Easy submissions and quick turn around,Easy submissions and quick turn around,0,False,False,2025-12-23T00:00:00.000Z,2026-01-02T16:24:09.000Z,https://www.trustpilot.com/review/metlifepetinsurance.com?page=7
metlife,6957cf936e117754ef98f000,5,Really great pet insurance!,"My experience with this company has been nothing but positive. From filing claims to receiving payment, the process is always quick and easy. The times I have had questions, I was able to get through to a real person fairly easily and they were super helpful and friendly. I could not recommend this pet insurance more. ",0,False,False,2025-12-29T00:00:00.000Z,2026-01-02T16:00:51.000Z,https://www.trustpilot.com/review/metlifepetinsurance.com?page=7
metlife,6957ae2a39f94e6108931480,5,Easy upload of documentation and fast…,Easy upload of documentation and fast response time. ,0,False,False,2025-12-29T00:00:00.000Z,2026-01-02T13:38:18.000Z,https://www.trustpilot.com/review/metlifepetinsurance.com?page=7
metlife,695782bfba4367c563ff7997,5,Claims processing is fast.,Claims processing is fast.,0,False,False,2025-12-29T00:00:00.000Z,2026-01-02T10:33:03.000Z,https://www.trustpilot.com/review/metlifepetinsurance.com?page=7
metlife,69575cc3dd420aafe1550126,3,It was okay.,It was okay. ,0,False,False,2026-01-01T00:00:00.000Z,2026-01-02T07:50:59.000Z,https://www.trustpilot.com/review/metlifepetinsurance.com?page=7
metlife,695739a3a3385f335f30c837,5,Metlife is a great company to have,Metlife is a great company to have. My pets have insurance and I have a little piece of mind. Usually quick claim turnaround. Professional customer service representatives .  ,0,False,False,2025-12-23T00:00:00.000Z,2026-01-02T05:21:07.000Z,https://www.trustpilot.com/review/metlifepetinsurance.com?page=7
metlife,695728e5183a50b1d1f49806,5,User friendly and easy. ,The claim process is super quick and easy to use. Updates on the progress are timely. ,0,False,False,2025-12-23T00:00:00.000Z,2026-01-02T04:09:41.000Z,https://www.trustpilot.com/review/metlifepetinsurance.com?page=7
metlife,695710602269d214df707df7,5,I have had great service  from Metlife,I have had great service  from Metlife. they respond quickly and pay quickly. When I have ahd questions the call is painless  and fairly  fast. I definitely  appreciate  the service.  thw insurance allows  my dog to live a healthy life with her disease.  Thank you,0,False,False,2025-12-23T00:00:00.000Z,2026-01-02T02:25:04.000Z,https://www.trustpilot.com/review/metlifepetinsurance.com?page=8
metlife,69570fa70d6a56ab1b1b1f93,5,Always helpful and they processed…,Always helpful and they processed claims promptly.  ,0,False,False,2025-12-23T00:00:00.000Z,2026-01-02T02:22:00.000Z,https://www.trustpilot.com/review/metlifepetinsurance.com?page=8
metlife,69570432710acc2706a7c558,5,Very happy with my experience and what…,Very happy with my experience and what it covers for standard care,0,False,False,2025-12-17T00:00:00.000Z,2026-01-02T01:33:06.000Z,https://www.trustpilot.com/review/metlifepetinsurance.com?page=8
metlife,6956fee6e227863d4e28da28,5,On line rocks for processing a claim,On line rocks for processing a claim,0,False,False,2025-12-29T00:00:00.000Z,2026-01-02T01:10:30.000Z,https://www.trustpilot.com/review/metlifepetinsurance.com?page=8
metlife,6956fb65eb302ddbca886b89,5,Quick easy and self explanatory,Quick easy and self explanatory ,0,False,False,2026-01-01T00:00:00.000Z,2026-01-02T00:55:33.000Z,https://www.trustpilot.com/review/metlifepetinsurance.com?page=8
metlife,6956ef32d5679893dca478b6,5,Good company ,Easy to file claims. Quick turnaround time.  ,0,False,False,2025-12-29T00:00:00.000Z,2026-01-02T00:03:30.000Z,https://www.trustpilot.com/review/metlifepetinsurance.com?page=8
metlife,6956e729b27b0312adf5cf27,5,Fabulous! ,"Absolutely incredibly hassle free way to file a claim. App is created with consideration for customers, claim dining is easy and the refund came within days. I wish human insurance was thia easy ",0,False,False,2025-12-29T00:00:00.000Z,2026-01-01T23:29:13.000Z,https://www.trustpilot.com/review/metlifepetinsurance.com?page=8
metlife,6956e4c9665a81d48e40fac5,5,How fast metlife acted to repay,How fast metlife acted to repay.  First time ever using pet insurance.  Very happy with met life.  Already told other to join.,0,False,False,2025-12-29T00:00:00.000Z,2026-01-01T23:19:05.000Z,https://www.trustpilot.com/review/metlifepetinsurance.com?page=8
metlife,6956e47b2da8da9b0fe4f2c9,5,I feel at ease knowing there is…,"I feel at ease knowing there is coverage for my dog when she needs it. Her claw grew into her skin, and I didn't even notice until she was bleeding and limping around! The small surgery was mostly covered, and I didn't pay much in total. MetLife pays for most of her food costs because she has a sensitive tummy. The payouts take about 5-10 business days to receive via direct deposit. ",0,False,False,2025-12-28T00:00:00.000Z,2026-01-01T23:17:47.000Z,https://www.trustpilot.com/review/metlifepetinsurance.com?page=8
metlife,6956e16f59d399179dd18b64,5,Easy to submit,"Easy to submit, fast result!",0,False,False,2025-12-29T00:00:00.000Z,2026-01-01T23:04:47.000Z,https://www.trustpilot.com/review/metlifepetinsurance.com?page=8
metlife,6956df521287985ca63d24e6,5,Timely Review,My claim was reviewed and processed in a very timely manner. Always great customer service! ,0,False,False,2025-12-29T00:00:00.000Z,2026-01-01T22:55:46.000Z,https://www.trustpilot.com/review/metlifepetinsurance.com?page=8
metlife,6956d5dbd124d43ee10aa9d4,5,Quick response,"Quick response, easy submission!",0,False,False,2025-12-29T00:00:00.000Z,2026-01-01T22:15:23.000Z,https://www.trustpilot.com/review/metlifepetinsurance.com?page=8
metlife,6956cbb335d93e33584c4753,5,It seemed simplier to apply and…,It seemed simplier to apply and understand coverage than others I had checked into,0,False,False,2026-01-01T00:00:00.000Z,2026-01-01T21:32:03.000Z,https://www.trustpilot.com/review/metlifepetinsurance.com?page=8
metlife,6956c561e5a74c3c5fae0dc8,5,My experience with Met Life for my pet…,The customer service representatives are always knowledgeable and helpful.  Sending in invoices for claims is incredibly easy and Met Life pays out very fast! I’m so glad I switched from nationwide!,0,False,False,2025-12-08T00:00:00.000Z,2026-01-01T21:05:05.000Z,https://www.trustpilot.com/review/metlifepetinsurance.com?page=8
metlife,6956c1ef87a6f31d84b3df2f,5,Quick and easy!,"MetLife Pet Insurance is the best! Easy to download documents, fast payments, easy to transfer to bank.  Really a good company to deal with.  Thank you!",0,False,False,2025-12-29T00:00:00.000Z,2026-01-01T20:50:23.000Z,https://www.trustpilot.com/review/metlifepetinsurance.com?page=8
metlife,6956c05051a961adb07df3c5,5,This was such an easy app to use,This was such an easy app to use. I hope everything that follows is as easy as enrolling.,0,False,False,2026-01-01T00:00:00.000Z,2026-01-01T20:43:28.000Z,https://www.trustpilot.com/review/metlifepetinsurance.com?page=8
metlife,6956aedf14ee12362c1dc6df,5,so quick and easy to file and receive…,so quick and easy to file and receive claims.,0,False,False,2025-11-04T00:00:00.000Z,2026-01-01T19:29:03.000Z,https://www.trustpilot.com/review/metlifepetinsurance.com?page=8
metlife,6956ae64f557b1723cf2c5b5,5,Quick and Easy,"Very simple, easy and quick and cheaper than competitors",0,False,False,2026-01-01T00:00:00.000Z,2026-01-01T19:27:00.000Z,https://www.trustpilot.com/review/metlifepetinsurance.com?page=8
metlife,69568bf74cb04635143d6d58,4,It saved my information from months…,"It saved my information from months ago, very easy to complete!",0,False,False,2026-01-01T00:00:00.000Z,2026-01-01T17:00:07.000Z,https://www.trustpilot.com/review/metlifepetinsurance.com?page=8
metlife,69567e3a253206513ed4b588,5,Highly recommend MetLife!,"MetLife has been great and efficient when processing our claims! We’ve had a few medical issues since adopting our cat, things we didn’t expect to happen so we’re more than grateful that we have insurance with MetLife for our cat. ",0,False,False,2025-12-29T00:00:00.000Z,2026-01-01T16:01:30.000Z,https://www.trustpilot.com/review/metlifepetinsurance.com?page=8
metlife,695652d6d32e23fd7d603eec,5,Great insurance for my dog love it ,Great insurance for my dog,0,False,False,2026-01-01T00:00:00.000Z,2026-01-01T12:56:22.000Z,https://www.trustpilot.com/review/metlifepetinsurance.com?page=9
metlife,6956210a5e0f3fb32fe5c800,5,"Easy application, clear information.","Easy application, information explained clearly. ",0,False,False,2026-01-01T00:00:00.000Z,2026-01-01T09:23:54.000Z,https://www.trustpilot.com/review/metlifepetinsurance.com?page=9
metlife,69561a4a0394093d2eb41b8b,4,Had a few errors submitting my quote…,"Had a few errors submitting my quote and had to restart, but otherwise it was a fairly easy process.",0,False,False,2025-12-31T00:00:00.000Z,2026-01-01T08:55:06.000Z,https://www.trustpilot.com/review/metlifepetinsurance.com?page=9
metlife,6955f647b0e459fddad6363f,5,Best choice for the best price,Best choice for the best price that I could find within our budget.,0,False,False,2025-12-30T00:00:00.000Z,2026-01-01T06:21:27.000Z,https://www.trustpilot.com/review/metlifepetinsurance.com?page=9
metlife,6955d1996a4f8eda4e087c90,5,Easy to use insurance good coverage and…,Easy to use insurance good coverage and helpful people. ,0,False,False,2025-12-17T00:00:00.000Z,2026-01-01T03:44:57.000Z,https://www.trustpilot.com/review/metlifepetinsurance.com?page=9
metlife,6955b06ee673ff38d31e0db0,5,Filing claims is quick and easy ,I have filed several claims to MetLife Pet Insurance and I found this agency is super in responding and explaining to my claims. They made it easy to submit and file a claim. And the turnaround time frame in response to my claim is great. I really appreciated their service.,0,False,False,2025-12-24T00:00:00.000Z,2026-01-01T01:23:26.000Z,https://www.trustpilot.com/review/metlifepetinsurance.com?page=9
metlife,695586b44f466da8b16728c1,5,MetLife Pet Ins,MetLife Pet Ins. has great and reasonably priced coverage.  I was able to tailor it to each of my 2 dogs. It was pretty simple,0,False,False,2025-12-31T00:00:00.000Z,2025-12-31T22:25:24.000Z,https://www.trustpilot.com/review/metlifepetinsurance.com?page=9
metlife,69558473fe35d22cd8330a1a,5,Easy submission and affordable coverage,"Easy submission and affordable coverage for my new pup, Buddy!",0,False,False,2025-12-31T00:00:00.000Z,2025-12-31T22:15:47.000Z,https://www.trustpilot.com/review/metlifepetinsurance.com?page=9
metlife,69557b8028d8b6d1446479f9,5,Thanks for making it so super simple!,Thanks for making it so super simple!,0,False,False,2025-12-31T00:00:00.000Z,2025-12-31T21:37:36.000Z,https://www.trustpilot.com/review/metlifepetinsurance.com?page=9
metlife,6955750c9f0755915b4afbee,5,Super easy to sign up and very…,Super easy to sign up and very descriptive. ,0,False,False,2025-12-31T00:00:00.000Z,2025-12-31T21:10:04.000Z,https://www.trustpilot.com/review/metlifepetinsurance.com?page=9
metlife,69556674f82ea7c2ee1d78ea,5,Thanks for being there to enroll.,Thanks for being there to enroll.,0,False,False,2025-12-31T00:00:00.000Z,2025-12-31T20:07:48.000Z,https://www.trustpilot.com/review/metlifepetinsurance.com?page=9
metlife,695562b97d6e8256301ad6bf,5,Great coverage and customer service,"Previously had Met Life Pet Insurance for one of my dogs and they were amazing. So easy to deal with and great coverage. When my dog passed away, they refunded me for the remaining balance I had with them. I highly recommend this company.",0,False,False,2025-12-31T00:00:00.000Z,2025-12-31T19:51:53.000Z,https://www.trustpilot.com/review/metlifepetinsurance.com?page=9
metlife,69556130576048d2b0391486,5,I’ll never go without MetLife pet insurance ,"Having MetLife pet insurance makes it is so easy to file claims and be reimbursed for well care, accidents and sickness. Just got another policy on our new puppy.",0,False,False,2025-12-17T00:00:00.000Z,2025-12-31T19:45:20.000Z,https://www.trustpilot.com/review/metlifepetinsurance.com?page=9
metlife,695553d1c00f2e5293a5937f,5,If Only All Insurance Worked This Well,"We’ve insured our Bernedoodle with MetLife Pet Insurance for several years now, and they continue to impress us every single time. The claims submission process is incredibly seamless, responses are fast, and they do an excellent job keeping you updated throughout the entire process. Honestly, I’ve commented more than once that I wish the claims process for my personal healthcare insurance worked even half as smoothly as it does for our dog. MetLife is truly remarkable in how efficiently and consistently they handle claims. It’s rare to find this level of reliability and communication, and it gives us real peace of mind knowing our pup is covered.",0,False,False,2025-12-17T00:00:00.000Z,2025-12-31T18:48:17.000Z,https://www.trustpilot.com/review/metlifepetinsurance.com?page=9
metlife,6955496793c784b9ff850302,1,rough sign-in,"went all the way through.  clicked on submit payment.  did not go through.  I clicked on recall quote, but it changed the age of the dog. frustrating on validating pictures so many times",0,False,False,2025-12-31T00:00:00.000Z,2025-12-31T18:03:51.000Z,https://www.trustpilot.com/review/metlifepetinsurance.com?page=9
metlife,695535f0083b2c00c57a15c1,5,I wish I had it sooner,Easy to sign up and I get coverage for taking great care of my pet. Highly recommend!,0,False,False,2025-12-24T00:00:00.000Z,2025-12-31T16:40:49.000Z,https://www.trustpilot.com/review/metlifepetinsurance.com?page=9
metlife,695530264e6593a6531aab28,5,Ease of use on the website!,Ease of use on the website!,0,False,False,2025-12-31T00:00:00.000Z,2025-12-31T16:16:06.000Z,https://www.trustpilot.com/review/metlifepetinsurance.com?page=9
metlife,695492541a597f96c3dcbc27,5,Claims are reviewed and paid in quickly.,Claims are reviewed and paid in quickly.,0,False,False,2025-12-17T00:00:00.000Z,2025-12-31T05:02:44.000Z,https://www.trustpilot.com/review/metlifepetinsurance.com?page=9
metlife,69545cb4bd8247ee13095324,5,Great Customer Service,Great Customer Service!  Vary easy and quick claims process.,0,False,False,2025-12-02T00:00:00.000Z,2025-12-31T01:13:56.000Z,https://www.trustpilot.com/review/metlifepetinsurance.com?page=9
metlife,6954561145a340d48093e6e7,5,Good price and great customer service,Good price and great customer service ,0,False,False,2025-12-30T00:00:00.000Z,2025-12-31T00:45:37.000Z,https://www.trustpilot.com/review/metlifepetinsurance.com?page=9
metlife,6954378cd6a34f461f5b9d73,5,It was very easy enroll.,It was very easy enroll. ,0,False,False,2025-12-30T00:00:00.000Z,2025-12-30T22:35:24.000Z,https://www.trustpilot.com/review/metlifepetinsurance.com?page=10
metlife,69543258d91416ef872d4679,3,I had to go thru enrollment several…,I had to go thru enrollment several times because the site kept locking up,0,False,False,2025-12-30T00:00:00.000Z,2025-12-30T22:13:12.000Z,https://www.trustpilot.com/review/metlifepetinsurance.com?page=10
metlife,69541be05b50803f520893eb,5,They are efficient in paying me back…,They are efficient in paying me back what i paid to the vet ,0,False,False,2025-10-21T00:00:00.000Z,2025-12-30T20:37:20.000Z,https://www.trustpilot.com/review/metlifepetinsurance.com?page=10
metlife,69540924f9859642a73cfe22,5,Customer Service is top-notch,Customer Service is top-notch. I do not like talking to an AI generated bot and talking to a human is so much more helpful and personal. Your claims process was seamless and easy to navigate. The forms tell us exactly what we need to do so that there is no glitches. Thank you for your excellent service!,0,False,False,2025-12-24T00:00:00.000Z,2025-12-30T19:17:24.000Z,https://www.trustpilot.com/review/metlifepetinsurance.com?page=10
metlife,695400365dd28a69d5290a4b,1,A claim was submitted for $246.51 for…,"A claim was submitted for $246.51 for medications. Only $16 was paid and indicated the claim settled. I called and spoke with your representative, Brandi, who told me Claims would investigate and respond to me. (Eye medications)
No response yet.
A claim was submitted in November for $1700 and still has not been paid.
I did , however receive a payment of approximately
$3000. dental surgery for Zeus.
I'm disappointed in your claim service and as a former Sales Representative of Metlife, for over 50 years,disappointed in the reputation your claim
processing will generate.
Paul Katz",0,False,False,2025-12-18T00:00:00.000Z,2025-12-30T18:39:18.000Z,https://www.trustpilot.com/review/metlifepetinsurance.com?page=10
metlife,6953fa973fa10bbff70f3c3a,5,The process is very easy,The process is very easy.  Upload documents and the process begins.  An EOB is provided to explain exactly what is covered and what is not with a detailed explanation.  If you disagree with something you can call their customer service and ask them to review it again. ,0,False,False,2025-12-26T00:00:00.000Z,2025-12-30T18:15:19.000Z,https://www.trustpilot.com/review/metlifepetinsurance.com?page=10
metlife,6953ebc14ee3aaa6902c0d85,5,very efficient and friendly,Still a bit confused with website but reps very heilpful.,0,False,False,2025-12-12T00:00:00.000Z,2025-12-30T17:12:01.000Z,https://www.trustpilot.com/review/metlifepetinsurance.com?page=10
metlife,6953e509f76498e5cb837b26,3,It’s the most inexpensive policy I…,"It’s the most inexpensive policy I could find, there is no information where or how I will get my money back on the veterinary service, where do I send my invoices? Telephone number for correspondence? Etc..",0,False,False,2025-12-30T00:00:00.000Z,2025-12-30T16:43:21.000Z,https://www.trustpilot.com/review/metlifepetinsurance.com?page=10
metlife,6953df11676d97da9cc1ae47,5,Everyone was so empathetic,Everyone was so empathetic. This was such a tramatice experience for my family but I was handled with such care which is quite memorable.,0,False,False,2025-12-24T00:00:00.000Z,2025-12-30T16:17:53.000Z,https://www.trustpilot.com/review/metlifepetinsurance.com?page=10
metlife,6953dec2fa0aed13237ca780,5,Process was simple and clear,Process was simple and clear. I feel confident with my choice and look forward to using this health plan for my fur baby.,0,False,False,2025-12-30T00:00:00.000Z,2025-12-30T16:16:34.000Z,https://www.trustpilot.com/review/metlifepetinsurance.com?page=10
metlife,6953891c986f4d242e37a01e,5,MetLife pet Insurance is a must have I learned. The hard way.,"MetLife pet Insurance is a must have. I learned this the hard way. going to the vet can cost thousands and you need to know that you have someone at your back watching over you. That is MetLife Pet Insurance. They have been there for us every vet visit big and small. Their rates are low, the have no complicated claims process, quick and fair payments and help for everyday tasks. They have it all.",0,False,False,2025-11-26T00:00:00.000Z,2025-12-30T10:11:08.000Z,https://www.trustpilot.com/review/metlifepetinsurance.com?page=10
metlife,6953759b3fd14f9faaca8df7,5,MetLife pet insurance has been great…,MetLife pet insurance has been great for my pets. They are always friendly and answer all my questions.,0,False,False,2025-12-05T00:00:00.000Z,2025-12-30T08:47:55.000Z,https://www.trustpilot.com/review/metlifepetinsurance.com?page=10
metlife,6952d629b66b37f49dc2b588,5,Easy and affordable ,MetLife was extremely easy to navigate and very straightforward about what was covered and what was not. I felt very overwhelmed on the other sites that I was looking at. MetLife made it very easy and affordable to get my sweet baby insured. Meow MetLife!!,0,False,False,2025-12-29T00:00:00.000Z,2025-12-30T08:35:15.000Z,https://www.trustpilot.com/review/metlifepetinsurance.com?page=10
metlife,69535f8ae8a6391b2a0d4963,5,Only great experiences,"We had often heard stories of problems with claims for pet insurance, but we've never had any problems. So happy to have Metlife Pet Insurance.",0,False,False,2025-12-24T00:00:00.000Z,2025-12-30T07:13:46.000Z,https://www.trustpilot.com/review/metlifepetinsurance.com?page=10
metlife,69534d590e7f7fb29b1f5d1c,5,Claims are easy,I like that handling claims online are easy to do and there is always clear communication with every step being made.,0,False,False,2025-12-26T00:00:00.000Z,2025-12-30T05:56:09.000Z,https://www.trustpilot.com/review/metlifepetinsurance.com?page=10
metlife,69531e239deca231b201734b,5,I submitted a claim and within a week…,I submitted a claim and within a week or so they reimbursed me the 80% it was great that I didn’t have to wait for it ,0,False,False,2025-12-26T00:00:00.000Z,2025-12-30T02:34:43.000Z,https://www.trustpilot.com/review/metlifepetinsurance.com?page=10
metlife,69531a1e5cf08d49415a2955,5,easy to pick a plan,easy to pick a plan. no complaints yet. Just started. ,0,False,False,2025-12-29T00:00:00.000Z,2025-12-30T02:17:35.000Z,https://www.trustpilot.com/review/metlifepetinsurance.com?page=10
metlife,69531600eb02ef4d185648ce,5,Met Life made caring for my pet so easy!,Met Life made caring for my pet so easy!,0,False,False,2025-11-11T00:00:00.000Z,2025-12-30T02:00:00.000Z,https://www.trustpilot.com/review/metlifepetinsurance.com?page=10
metlife,695308b2a825a24120cc1532,5,Enrollment was fast and easy!,Enrollment was fast and easy!,0,False,False,2025-12-29T00:00:00.000Z,2025-12-30T01:03:14.000Z,https://www.trustpilot.com/review/metlifepetinsurance.com?page=10
metlife,6953043dda6479800d740caf,5,Easy and fast!,Easy and fast!,0,False,False,2025-12-26T00:00:00.000Z,2025-12-30T00:44:13.000Z,https://www.trustpilot.com/review/metlifepetinsurance.com?page=10
